,AutoACMG,Intervar,Genebe,ClinGen
AutoACMG,1.0,0.008763199951854865,0.28831332823829237,0.11973512248675762
Intervar,0.008763199951854816,1.0,0.6729186674369368,0.7965249163017614
Genebe,0.28831332823829237,0.6729186674369367,1.0,0.8001863441995085
ClinGen,0.11973512248675768,0.7965249163017614,0.8001863441995085,1.0
