Metric,AutoACMG True Positives Ratio,Intervar True Positives Ratio,AutoACMG False Negatives Ratio,Intervar False Negatives Ratio,AutoACMG False Positives Ratio,Intervar False Positives Ratio
Mean,0.6831954123112659,0.5297401277584204,0.5081204026325978,0.6209712543554008,0.46314605110336826,0.7213100077429346
Standard Deviation,0.15764827887306723,0.2603119798365418,0.5011760653133037,0.23378639825344064,0.2392757525875982,0.6090829958773831
Median,0.6666666666666666,0.5,0.3333333333333333,0.6,0.4,0.5
Q1 (25th percentile),0.6,0.3333333333333333,0.2,0.5,0.3333333333333333,0.3333333333333333
Q3 (75th percentile),0.75,0.6666666666666666,0.6,0.7625,0.5,1.0
IQR,0.15000000000000002,0.3333333333333333,0.39999999999999997,0.26249999999999996,0.16666666666666669,0.6666666666666667
